Number,N,Eps,Result
1,5,0.0001,1
8,3,0.0001,2
0.001,3,0.0001,0.1
0.04100625,4,0.0001,0.45
8,3,0.0001,2
0.0279936,7,0.0001,0.6
0.0081,4,0.1,0.3
-0.008,3,0.1,-0.2
0.004241979,9,0.00000001,0.545
